example,rust_feature,verification_success,num_rule_steps,num_branching_steps,num_branches,num_final_open_goals,num_final_closed_goals,num_closed_nodes_total,full_cert_size_kb,compressed_cert_size_kb,compression_ratio,proof_time_ms,checker_time_ms,compressed_checker_time_ms,trusted_checker_loc
example5,primitive/assignment,True,20,0,1,0,1,1,16.478,7.925,2.039,8561.902,0.625,0.181,205
example6,borrowing,True,25,0,1,0,1,1,22.022,13.458,1.632,6833.951,0.808,0.31,205
example7-and-8,mutable-reference/tuple,True,21,0,1,0,1,1,17.152,3.475,4.883,7047.69,0.61,0.048,205
example1,loop-invariant,True,95,0,1,0,1,1,73.085,11.943,5.958,21782.466,2.046,0.055,205
example2,array,True,24,0,1,0,1,1,16.199,3.599,4.259,5931.49,0.983,0.041,205
example3,enum,True,1,0,1,0,1,1,1.733,1.25,1.443,5943.207,0.075,0.019,205
example9,arithmetic,True,9,0,1,0,1,1,10.663,2.278,4.914,7047.465,0.324,0.026,205
example10,loop/binary-style,True,11170,39,40,0,40,11029,7884.023,1289.689,5.75,70229.821,217.89,2.36,205
binary-search,binary-search,True,4254,36,37,0,37,4054,2974.072,488.672,5.713,35470.265,83.348,1.422,205
